model,accuracy,roc_auc
LogisticRegression,0.9898663697104677,0.9991894685188101
MultinomialNB,0.9523385300668151,0.9891579360307439
